Key,Line Text,CTA Label,CTA URL,Mode,Active,Milestone Months,Start Date,End Date,Requires Fields,Emails Sent,First Sent,Last Sent,Notes,Cleaning Logs
referral,Know a neighbor who'd want Glitter for their block? Earn $10 when they use your referral code ({referral_code}) and have them sign up at,Refer a neighbor to Glitter,https://shareglitter.com,Rotation,,,,,,,,,"Renders as the forward/share section, not as this text. Text and CTA here are only used if that section is retired.",
satisfaction,How did we do cleaning your block today? ,Reply and let us know.,mailto:support@shareglitter.com?subject=Cleaning on {block_name} {cleaning_date},Rotation,,,,,,,,,Depends on Reply-To reaching a monitored inbox.,
frequency_upgrade,Want your block cleaned more often?,Increase your pledge,https://app.shareglitter.com/pledge,Rotation,,,,,,,,,"TODO: CTA URL. Shows to everyone, including blocks already at higher frequency.",
compost,Get shared compost on your block with Glitter's partnership with Bennett Compost ,Join Compost Waitlist,https://shareglitter.com/compost,Rotation,,,,,,,,,,
impact_stat,This was your block's {cleaning_count_ordinal} cleaning. We've collected about {block_bags_total} bags so far.,See your block's Glitter Hub page,{block_page_url},Rotation,,,,,"cleaning_count,block_bags_total",,,,"Bag total is an estimate from the Trash select. Cleaning count uses Member Since, which is wrong for bulk-imported members.",
impact_fund,Want to help fund cleanings in areas that can't afford it?,Chip into the Impact Fund,https://www.shareglitter.com/funds,Rotation,,,,,,,,,TODO: CTA URL.,
services_waitlist,"Curious about our new services like shared composting, trash cans, or leaf, weed, and snow removal? ",Join the waitlist for one or more!,https://www.shareglitter.com/services,Rotation,,,,,,,,,TODO: CTA URL (waitlist form). Until a URL is set this renders as text only.,
door_hangers,Want free materials to let your neighbors know about Glitter and get them to contribute? ,Request door hangers and signs!,https://app.shareglitter.com/signs,Rotation,,,,,,,,,,
review,Enjoying Glitter? A quick Google review helps other blocks find us.,Leave a review,https://g.page/r/CSo-5bIwtB-aEBM/review,Rotation,,,,,,,,,TODO: CTA URL (Google review link).,
trash_can,Ask about adding a trash can to your block that Glitter will install and maintain each week.,Add a trash can,https://www.shareglitter.com/services,Rotation,,,,,,,,,TODO: CTA URL (form or mailto:).,
ambassador,Want help talking to neighbors on your block about Glitter?,Let us know,https://app.shareglitter.com/neighbor-engagement,Rotation,,,,,,,,,TODO: CTA URL.,
cleaner_spotlight,"Your block was cleaned by {cleaner_first_name}, a neighbor earning a living wage through this work.",Learn more about who we hire.,https://www.youtube.com/watch?v=HPaqhyAfYs4,Rotation,,,,,cleaner_first_name,,,,Drops for everyone until Cleaners has an 'OK to Name in Emails' checkbox and the script's cleanerConsentField points at it.,
sponsor_block,Want to help fund another block? You can make a pledge the same way you did for your block on our home page.,Sponsor a block,https://shareglitter.com,Rotation,,,,,,,,,TODO: CTA URL.,
social_share,Posting on Instagram? Tag us!,@shareglitter,https://www.instagram.com/shareglitter,Rotation,,,,,,,,,,